"","titulo","contenido_limpio","fecha","medio","url"
"1","Inicia formalmente la COP30 en Brasil: claves del encuentro y las principales negociaciones en Belem","Este lunes se inicia formalmente la COP30 en Belem, Brasil, la cual estará dirigida por el presidente Luis Ignacio Lula da Silva. La instancia buscará nuevos consensos, en torno al desafío climático, entre las principales potencias. La cita culmina el 21 de noviembre. De acuerdo a un reporte de France 24, uno de los temas importantes a discutir será el modelo de financiación hacia países en desarrollo, para la ejecución de planes que tengan como objetivo frenar la crisis climática. También estarán en tabla negociaciones sobre los combustibles fósiles, la sequía y deforestación, que afecta a zonas críticas del planeta, como la Amazonía. De hecho, un punto importante de debate será lo que se denomina como “El papel de los pueblos indígenas en lucha contra el cambio climático”. Por lo mismo, arribaron hasta el lugar 3.000 líderes locales estén en medio de los diálogos. “Esta vez, los líderes mundiales vienen a Belem, al corazón de la Amazonía, más cerca de nuestros hogares, nuestros ríos y nuestros territorios”, afirmó Olivia Bisa, líder de la nación Chapra en Perú, de acuerdo a Euronews. Desafíos de la COP30 A eso se suma que las dos primeras jornadas de la cumbre climática estarán especialmente dedicadas, como días temáticos, a todo lo relacionado con adaptación, ciudades, infraestructura, agua, residuos, gobiernos locales, bioeconomía, economía circular, ciencia, tecnología e inteligencia artificial. Por otro lado, el presidente brasileño está llamado a ser una de las principales ‘estrellas’ de esta cita, y ha dejado ya un puñado de frases de referencia como “la ventana de oportunidad para actuar se está cerrando rápidamente”, la COP30 “será la COP de la verdad” y “la energía limpia representa la oportunidad económica del siglo XXI”. Lula afronta las críticas de organizaciones ecologistas por dar vía libre, prácticamente coincidiendo con la cumbre climática, a nuevas extracciones petrolíferas que han comenzado el pasado mes de octubre en varias áreas amazónicas. Por otro lado, se estima que esta será la primera COP que podría desarrollarse en medio de protestas por el clima, ya que desde el gobierno brasileño adelantaron que “no las prohibirán”. Recordar que las citas anteriores habían tenido lugar en países como Azerbaiyán, Emiratos Árabes Unidos y Egipto, donde las manifestaciones no se permitieron. Algo que sí genera ruido, en medio de la cumbre, es la ausencia de representantes de alto rango de Estados Unidos, uno de los países con mayor cantidad de emisiones a nivel mundial. Señalar que, el viernes pasado, un portavoz de la Casa Blanca, llamado Taylor Rogers, había señalado que: “El presidente Trump no pondrá en peligro la seguridad económica y nacional de nuestro país para perseguir objetivos climáticos vagos que están matando a otros países”. Por otro lado, según RFI, el encuentro se da en medio de lo que se denomina como “Paradoja China”, ya que el país es responsable de casi 12.000 millones de toneladas de CO₂ al año, lo que representa casi un tercio del total mundial. Pero, a su vez, es el primer inversor mundial en energías renovables. “Para comprender esta doble faceta, hay que medir la magnitud del giro energético chino. El país está viviendo una auténtica revolución industrial verde. En el sector fotovoltaico, por ejemplo, Pekín ha instalado en cinco meses tantos paneles solares como los que tiene Estados Unidos en total. Y ocho de cada diez paneles vendidos en el planeta salen hoy de fábricas chinas”, determinaron. Hay que señalar que la semana pasada, en vísperas de las negociaciones, intervinieron mandatarios como Gustavo Petro (Colombia), Gabriel Boric (Chile) y el propio Lula da Silva.",2025-11-10,"bbcl","https://www.biobiochile.cl/noticias/internacional/mundo/2025/11/10/inicia-formalmente-la-cop30-en-brasil-claves-del-encuentro-y-las-principales-negociaciones-en-belem.shtml"
"2","Boric en jornada final de la APEC: recalcó inclusión de mujeres y explicó plan de IA para Latam","El Presidente Gabriel Boric participó de la última jornada de líderes del Foro de Cooperación Económica de Asia Pacífico (APEC) que se realizó en la ciudad de Gyeongju. Destacó la inclusión de las mujeres en políticas sociales y se refirió respecto al trabajo con Inteligencia Artificial que el gobierno realiza con Brasil. En la declaración oficial con las conclusiones de la cita de líderes internacionales se abordó la importancia de asegurar que las oportunidades y beneficios de la prosperidad sean distribuidas de forma equitativa en el Asia Pacífico, en particular en la entrega de respuestas efectivas a desafíos globales en materia energética, alimentaria, ambiental y climática. Durante su intervención, el presidente de Chile, remarcó la importancia de trabajar para consolidar políticas sociales que fortalezcan la inclusión de las mujeres en el mundo laboral: “Actualmente los bienes materiales condicionan muchísimo la expansión de las familias, por lo menos en los países desarrollados y en vías de desarrollo, ofrecer condiciones más seguras y estables para la inclusión de la mujer en el mundo laboral es tremendamente importante”. En esa línea, el mandatario destacó la reforma de sala cuna, señalando que apunta a que “el ser madre no sea una discriminación a la hora de encontrar trabajo”, y el Sistema Nacional de Cuidados, explicando que en Chile, cuidar es una labor mayoritariamente de mujeres: “cuidar es trabajar y entender eso como inclusión al mundo laboral por parte de las mujeres me parece que es importante pensando también en la perspectiva demográfica”. Inteligencia Artificial El segundo eje que abordó el Jefe de Estado en su discurso en APEC fue respecto a la inteligencia artificial. En ese sentido, abordó la iniciativa que está impulsando Chile junto a Brasil, señalando que “nos propusimos crear un modelo de lenguaje desde América Latina para el mundo que se llama Latam-GPT. Estamos trabajando para crear nuestro propio modelo de lenguaje desde América Latina para justamente preservar nuestra identidad”. En ese línea, el Presidente enfatizó que “queremos contribuir a que la inteligencia artificial recoja nuestra cultura y nuestro intercambio con el resto de las culturas. Desde ese punto de vista los invito a que vean a Chile también desde el Asia Pacífico como un hub para América Latina”. Al finalizar, el mandatario invitó a sus pares “a considerar a nuestro país como una puerta de entrada a América Latina” y a “pensar el comercio desde la perspectiva cultural”. Durante la sesión de cierre y en el marco de la Declaración de Líderes, se anunciaron de manera oficial las próximas sedes de la cumbre internacional: China 2026, Vietnam 2027, México 2028, Singapur 2030, Japón 2031, Chile 2032, Papúa Nueva Guinea 2033 y Perú 2034. Desde el jueves en Corea El jefe de Estado llegó este jueves a Seúl y participó en el Seminario Empresarial Chile – Corea del Sur en Seúl, visitó el Instituto de Ciencia y Tecnología de Corea (KIST) y se reunió con el exsecretario general de Naciones Unidas Ban Ki Moon, antes de trasladarse a Gyeongju para la cumbre. El mandatario anunció además la firma de nuevos convenios entre la Asociación de Comercio Internacional de Corea (KITA, en inglés) y los organismos ProChile e InvestChile para fortalecer la cooperación entre las empresas de los dos países. La cumbre de APEC, que reúne a 21 territorios de Asia y América bañados por el océano Pacífico, se desarrolló con la ausencia del presidente estadounidense, Donald Trump, que este jueves protagonizó una mediática reunión con el presidente chino, Xi Jinping, en la cercana ciudad de Busan antes de partir de vuelta a Washington.",2025-11-01,"bbcl","https://www.biobiochile.cl/noticias/nacional/chile/2025/11/01/boric-en-jornada-final-de-la-apec-recalco-inclusion-de-mujeres-y-explico-plan-de-ia-para-latam.shtml"
"3","Festival CREA 2025: líderes de la industria abordarán el rol de la creatividad en Chile","El próximo 24 de noviembre se llevará a cabo una nueva versión del Festival CREA, que año a año reúne a cineastas, publicistas, empresarios, autoridades del gobierno y otros líderes de la industria creativa, del marketing y las comunicaciones en un espacio de reflexión, inspiración, reconocimiento y networking. Con el enunciado “Humanidad Aumentada: Un nuevo ecosistema creativo”, el festival organizado por la Cámara de Empresas Creativas de Chile, invita a reflexionar sobre cómo cómo convergen hoy en día las ideas, personas y tecnología, y cómo esta última está impulsando la innovación, la productividad, modelos de negocio disruptivos. Además, se planteará como los talentos se transforman en comunidades que reimaginan el valor, y aportan al crecimiento económico, desarrollo social y cultural. En un comunicado de prensa, la directiva de la Cámara de Empresas Creativas explicó que “Humanidad Aumentada representa la unión entre el talento humano y las posibilidades que brinda la tecnología. Es una invitación a repensar cómo la creatividad puede seguir siendo el motor que impulsa el desarrollo económico, social y cultural de Chile”. El Festival CREA -del que BioBioChile es media partner- se realizará el lunes 24 de noviembre en CAA 660, desde las 15:00 horas, y reunirá a líderes, empresarios, emprendedores, creativos, artistas, productores, generadores de contenido y representantes de medios, en una jornada de inspiración, aprendizaje, colaboración y reconocimiento, en la que habrá charlas, exposiciones, paneles y workshops. Con diversos exponentes del mundo público y privado, en las charlas de la próxima versión del Festival CREA se abordarán temas como la Inteligencia Artificial y cómo esta está modificando el mundo de las ideas; el nuevo ecosistema de medios; y la relevancia de la creatividad en las empresas, entre otros. La programación incluye charlas magistrales de expertos, presentaciones de casos de éxito, paneles de conversación e instancias formativas, y la entrega de los Premios CREA, reconocimiento a la creatividad transformadora que genera impacto positivo en los negocios, las personas y la sociedad.",2025-11-19,"bbcl","https://www.biobiochile.cl/noticias/economia/negocios-y-empresas/2025/11/19/festival-crea-2025-lideres-de-la-industria-abordaran-el-rol-de-la-creatividad-en-chile.shtml"
"4","Universidad de Chile impartirá curso online gratuito sobre IA: cuándo comienza y cómo inscribirse","La Universidad de Chile impartirá, el próximo lunes 24 de noviembre, un curso gratuito enfocado en una de las herramientas más desafiantes del último tiempo: la inteligencia artificial. El curso “¡Atrévete a dar el salto con la IA Generativa!” está dirigido a todo quien desee aprender sobre IA generativa, sin requisitos previos de conocimientos técnicos. Además, tiene como objetivo “utilizar la IA para resolver tareas reales del día a día” y, a través de diversos ejemplos, aprender a pedirle cosas a esta herramienta para así obtener buenos resultados en mejorar, por ejemplo, tu currículum. ¿Cómo inscribirse en el curso? El programa es 100% en línea, autoinstruccional y se articula mediante la plataforma abierta de e-learning “Open UCHILE”. Puedes avanzar a tu propio ritmo, con foco en la aplicación práctica de IA generativa en situaciones cotidianas. Para participar, debes tener una cuenta en “Open UCHILE”. Si no la tienes, debes seguir los siguientes pasos para crear tu acceso: -Crea tu cuenta Open UChile de forma gratuita haciendo clic AQUÍ. -Verifica tu correo electrónico y activa tu cuenta siguiendo las instrucciones enviadas a tu bandeja de entrada. -Inscríbete en el curso haciendo clic en el botón “Inscríbase ahora” que encontrarás a continuación. Señalar que el curso es completamente gratuito. Sin embargo, el certificado tiene un valor de $30.000. Estructura y contenidos del curso El programa cuenta con los siguientes módulos: El diagnóstico de competencias, la optimización del CV y la optimización del CV, y abordará conceptos clave sobre la IA Generativa; el desarrollo de prompts o instrucciones efectivas; y aplicaciones concretas de las herramientas actuales en contextos cotidianos y laborales. Son 20.000 los cupos que abrirá el curso y actualmente lleva más de 1.800 inscritos.",2025-11-21,"bbcl","https://www.biobiochile.cl/noticias/servicios/toma-nota/2025/11/21/universidad-de-chile-impartira-curso-online-gratuito-sobre-ia-cuando-comienza-y-como-inscribirse.shtml"
"5","Microsoft devolverá dinero a millones de usuarios en Australia a los que aplicó sobrecostos","Microsoft anunció este jueves que reembolsará a millones de usuarios australianos el pago de su servicio Microsoft 365 tras las denuncias de la Comisión Australiana de Competencia y Consumo (ACCC, en inglés), que acusa a la empresa de haber inducido al error a unos 2,7 millones de clientes sobre los costos de sus suscripciones. La compañía estadounidense admitió que “no comunicó con suficiente claridad” los cambios en sus tarifas introducidos en octubre de 2024, cuando aumentó los precios de los planes personales y familiares hasta en un 45% al integrar su asistente de Inteligencia Artificial (IA) Copilot. En una carta enviada a los clientes, Microsoft pidió disculpas y ofreció la posibilidad de regresar a un plan más económico sin funciones de IA, además de reembolsar los pagos realizados desde el 30 de noviembre de 2024 a quienes opten por esa opción antes de que termine 2025. La respuesta de la empresa se produce después de que el regulador australiano presentara la semana pasada una demanda contra la tecnológica por presuntamente ocultar a los consumidores la existencia de una alternativa más barata, conocida como “Microsoft 365 Classic”, que mantenía las prestaciones anteriores sin el asistente Copilot. “Las empresas deben proporcionar información precisa sobre sus servicios y precios. No hacerlo supone un riesgo de infringir la ley de consumo australiana”, advirtió la presidenta de la ACCC, Gina Cass-Gottlieb, al anunciar la acción judicial. Microsoft reconoció que su actuación no cumplió con los estándares de transparencia que la compañía “ha mantenido durante más de 40 años” en el país y aseguró que “aprenderá de este error”. Las multas máximas por infracciones a la Ley Australiana del Consumidor pueden alcanzar los 50 millones de dólares australianos (más de 32,5 millones de dólares estadounidenses o unos 28,1 millones de euros) o el 30% de la facturación de la empresa durante el período de la infracción. Microsoft 365, que agrupa programas como Word, Excel, PowerPoint y servicios en la nube a través de OneDrive, integra Copilot como su principal herramienta de IA generativa desde finales de 2024.",2025-11-06,"bbcl","https://www.biobiochile.cl/noticias/economia/negocios-y-empresas/2025/11/06/microsoft-devolvera-dinero-a-millones-de-usuarios-en-australia-a-los-que-aplico-sobrecostos.shtml"
"6","Qué implica para Occidente el ascenso científico de China","Scientia potestas est (El conocimiento es poder). Esta frase fue acuñada por el filósofo inglés Francis Bacon a finales del siglo XVI, cuando Inglaterra se contaba entre las potencias mundiales líderes en ciencia y política. Bacon quería dejar claro a sus contemporáneos el valor estratégico del conocimiento, un principio que sigue siendo válido hasta hoy. Actualmente, el mapa mundial de la investigación está viviendo un cambio profundo. Según un estudio publicado en la revista Proceedings of the National Academy of Sciences (PNAS), en 2023 los científicos chinos lideraron casi la mitad de las investigaciones conjuntas con colegas estadounidenses. Un dato histórico que refleja el vertiginoso ascenso de este país como potencia científica: ahora marca la agenda de la investigación global. Un cambio de poder con nuevos criterios Ya no se trata solo de premios Nobel o cantidad de publicaciones. El liderazgo científico se mide con otros parámetros. De unas seis millones de investigaciones analizadas, el 45 por ciento de los proyectos conjuntos entre Estados Unidos y China fueron dirigidos por la parte china en 2023. En 2010, era apenas el 30 por ciento. Si la tendencia continúa, China podría alcanzar a Estados Unidos hacia 2027 o 2028 en campos estratégicos como inteligencia artificial, semiconductores y ciencia de materiales. También en número de publicaciones el país asiático lleva la delantera. Según el informe más reciente del G20 sobre investigación e innovación, casi 900 000 artículos científicos se publicaron desde ese país, tres veces más que en 2015. En el Nature Index, que evalúa las revistas científicas y médicas más importantes, China ya superó a Estados Unidos. Entre las diez instituciones con más publicaciones en ese índice, siete son chinas. Mientras tanto, el panorama para Occidente no es alentador: Harvard sigue liderando la clasificación, pero los puestos del 2 al 9 los ocupan universidades chinas. El MIT, el prestigioso Instituto Tecnológico de Massachusetts, aparece recién en el décimo lugar. Estrategia, inversión y redes: las claves del avance Pekín ha hecho de la ciencia el corazón de su estrategia de desarrollo. Abrió sus instituciones a la cooperación internacional y fomenta activamente el intercambio global. Estudiantes y científicos chinos son incentivados a trabajar en el extranjero, fortaleciendo una red mundial de colaboración. Además, a través de su iniciativa BRI de infraestructura y desarrollo, invierte miles de millones en educación y tecnología para atraer talento extranjero y consolidar lazos académicos. Según la PNAS, China utiliza deliberadamente la diplomacia científica como herramienta de poder. Fortalezas y límites del modelo Velocidad, inversión masiva y redes coordinadas: esas son las grandes ventajas del sistema chino. En ingeniería, electrónica, física, química y ciencia de materiales, sus resultados son notables. Sin embargo, el control centralizado también impone límites. China carece aún de innovaciones disruptivas y de la independencia que caracteriza a la ciencia occidental. El éxito puede planificarse; la creatividad, no. En ese sentido, Estados Unidos, con su cultura descentralizada e impulsada por empresas, sigue teniendo ventaja. A eso se suma que la cooperación internacional se ha vuelto más difícil. Estados Unidos y Europa consideran a China un rival estratégico y las tensiones geopolíticas y económicas de los últimos meses no ayudan. La carrera por la inteligencia artificial En inteligencia artificial (IA), Estados Unidos mantiene – por ahora – el liderazgo, pero el gigante asiático avanza con pasos firmes. Su modelo lingüístico Deepseek demuestra la rapidez y el bajo costo con que sus tecnologías pueden llegar al mercado. Harvard continúa siendo un referente, pero las academias chinas acortan distancias a gran velocidad. En las solicitudes de patentes de IA, China ya ocupa un rol central. Estados Unidos resiste, mientras Europa queda rezagada incluso con sus mejores instituciones. El impacto global: el nuevo orden científico El avance del gigante asiático está reconfigurando el equilibrio económico y geopolítico mundial. El país ya marca parte de la agenda global de investigación, mientras Europa pierde terreno en la carrera por las tecnologías del futuro. Este crecimiento coincide con una etapa de debilidad en Occidente. La investigación estadounidense sufre recortes, polarización política y fuga de talentos. Las políticas de austeridad del presidente Donald Trump y la rivalidad abierta entre ambas potencias han reducido los proyectos conjuntos y empujado a muchos científicos hacia China. Europa tendría que apostar decididamente por una política científica común, más allá de los intereses nacionales. Su diversidad – de lenguas, culturas y tradiciones – puede ser una fuente de innovación, no una debilidad.",2025-11-01,"bbcl","https://www.biobiochile.cl/noticias/ciencia-y-tecnologia/ciencia/2025/11/01/que-implica-para-occidente-el-ascenso-cientifico-de-china.shtml"
"7","Experto llama a utilizar la Inteligencia Artificial como un aliado para las empresas","La Inteligencia Artificial (IA) promete revolucionar el mundo del trabajo, y así lo demuestran diversos estudios, como el realizado por Fortinet (empresa de ciberseguridad), que señala que el 87% de los profesionales del sector confían en que esta tecnología podrá compensar la escasez de talento y mejorar la eficiencia operativa de las organizaciones. En ese contexto, Sergio Somerville, científico informático chileno y especialista en educación, IA y transformación digital, con más de 40 años de experiencia internacional liderando estrategias de innovación educativa y gobernanza de datos para organismos como el Banco Interamericano de Desarrollo (BID), el Banco Mundial, la Unión Europea y USAID, analizó este nuevo escenario de la mano de la tecnología. Si bien el experto aseguró que “la IA ya está generando la pérdida de puestos de trabajo debido a la automatización”, también instó a las empresas a ver esta tecnología como un aliado, siempre y cuando se implementen estrategias efectivas para la adaptación de sus colaboradores, o un “reciclaje” de los recursos humanos. “En un futuro cercano —afirmó— todo ser humano podrá programar una computadora con una simple expresión de lenguaje natural, lo que significa que las tareas operativas serán automatizadas, exigiendo a los trabajadores chilenos nuevas habilidades centradas en el análisis crítico y la interacción efectiva con la máquina”, destacó. El especialista participó en el IV Forum de Empleabilidad organizado por la U. Autónoma, que este año abordó el tema “Desde la IA al reskilling, ¿cómo (re)formamos el talento?”. {SUB Consejos para las empresas} Para enfrentar esta nueva realidad, Somerville hace una serie de recomendaciones para las organizaciones en Chile. Una de ellas es utilizar la IA no solo para reducir la mano de obra, sino también para aumentar drásticamente la productividad de los empleados que se queden, justificando así la presión de los costos laborales. Para ello, es fundamental implementar programas de reskilling que formen a los empleados en competencias complementarias a la IA, como el pensamiento crítico, la resolución de problemas complejos y la formulación de consultas. “Además, hay que asegurar que la implementación tecnológica mejore el bienestar y las condiciones laborales, haciendo de la IA un aliado para el desarrollo y no solo un instrumento de reducción de costos”, añadió. A juicio del experto, el desafío para Chile no es frenar la IA, sino asumir la responsabilidad de formar a su talento humano para que sea capaz de interactuar productivamente con las nuevas herramientas digitales.",2025-11-11,"emol","http://www.emol.com/noticias/Economia/2025/11/11/1182880/experto-ia-aliado-empresas.html"
"8","Wall Street cierra en rojo ante temores de burbuja en la IA y una próxima caída de la bolsa","Wall Street cerró este martes en rojo, con los principales arrastrados por los recurrentes temores de una burbuja en el sector de la inteligencia artificial (IA) y las recientes previsiones de varias entidades sobre una corrección en el mercado bursátil. El índice Nasdaq, que aglutina a las tecnológicas, bajó un 2,04%; el S&P 500 cedió un 1,17% y el Dow Jones de Industriales un 0,53%, coincidiendo con una subida en la volatilidad, medida por el índice Vix, que se disparó casi un 11%. La empresa de IA más perjudicada en la jornada fue Palantir (perdió un 8%), una tecnológica especializada en el análisis de datos a gran escala para los sectores de defensa e inteligencia, pese a que ayer publicó unos resultados mejores de lo esperado y buenas perspectivas de demanda. Según los analistas, la relación entre el valor de Palantir y sus resultados es muy alta, por lo que está bajo una presión considerable para seguir aumentando de manera constante sus beneficios e ingresos. Wall Street cierra a la baja El gurú inversor Michael Burry, conocido por vaticinar y lucrarse con la crisis financiera de 2008 e inspirar la película ‘The Big Short’, reveló hoy que especula con la caída precisamente de Palantir y Nvidia y mediante opciones de venta, en línea con esas expectativas de una burbuja. El sector de la tecnología tuvo hoy las mayores pérdidas (-2,27%), con fuertes pérdidas para Intel (-6%), Nvidia (-4%), Oracle (-3,7%) o AMD (-3,7%), destacadas en el desarrollo de la IA. En paralelo, los máximos ejecutivos de las financieras Goldman Sachs y Morgan Stanley, David Solomon, y Ted Pick, dijeron este martes en un foro en Hong Kong que esperan una corrección bursátil de al menos al 10% en los próximos meses, algo que consideraron normal, pero que no gustó entre los inversores. Aparte de eso, la plaza estadounidense reaccionaba negativamente a la posibilidad de que la Reserva Federal (Fed) no recorte los tipos de interés en su reunión de diciembre, como se espera generalmente, dadas las dudas expresadas ayer por una de sus gobernadores, Lisa Cook. En otros mercados, el crudo de Texas (WT) bajó un 0,8%, hasta los US$60,56, mientras que el bitcoin se desplomaba un 6,7%, perdiendo en nivel de los US$100.000.",2025-11-04,"bbcl","https://www.biobiochile.cl/noticias/economia/actualidad-economica/2025/11/04/wall-street-cierra-en-rojo-ante-temores-de-burbuja-en-la-ia-y-una-proxima-correccion-de-la-bolsa.shtml"
"9","Despidos en EEUU se dispararon en octubre hasta las cifras más altas en 22 años, según informe","Los anuncios de despidos en Estados Unidos (EEUU) se dispararon a más de 150.000 en el mes de octubre, la cifra mensual más alta desde 2003 y un aumento casi del triple respecto a septiembre, según un informe de una consultora especializada en empleo a falta de cifras oficiales. Este octubre, los recortes alcanzaron los 153.074 despidos, un aumento del 183% -casi el triple- respecto al mes de septiembre, un incremento del 175% respecto a octubre del año pasado y el nivel más alto desde 2003, señala un informe de la firma Challenger, Gray & Christmas, publicado en su página web. Despidos alcanzarían niveles récord en EEUU Las empresas tecnológicas también anunciaron grandes recortes: 33.281 despidos, seis veces más que el pasado mes de septiembre. Según el estudio, los despidos masivos anunciados por las tecnológicas se deben al auge de la inteligencia artificial (IA) y la integración de estos procesos en sus estructuras. También indica que la IA es el segundo factor de despidos más citado por las empresas y que llevó a 31.039 recortes solo en octubre. El informe de la consultora de empleo ofrece una visión del mercado laboral en un momento en que el Gobierno de Estados Unidos ha suspendido la recopilación y publicación de datos durante el cierre federal, que ya lleva 37 días establecido y se ha convertido en el más largo de la historia. El sector del consumo y las ONGs, estas especialmente afectadas por el cierre Federal, también sufrieron miles de despidos en octubre. En total, las empresas anunciaron 1,1 millones de despidos este año, un 65% más que en 2024 y el nivel más alto desde la pandemia de 2020. “Como en 2003, una tecnología disruptiva está cambiando el panorama. Algunas industrias están corrigiendo después del auge de contrataciones durante la pandemia. La adopción de la IA, el menor gasto del consumidor y de la empresa y el aumento de costos impulsan ajustes presupuestarios y congelaciones de contratación”, valora Andy Challenger, director de ingresos de Challenger, Gray & Christmas.",2025-11-06,"bbcl","https://www.biobiochile.cl/noticias/economia/actualidad-economica/2025/11/06/despidos-en-eeuu-se-dispararon-en-octubre-y-anotan-las-cifras-mas-altas-en-22-anos-segun-informe.shtml"
"10","Agrosuper impulsa su Transformación Digital con proyectos que optimizan ventas y logística","Ante el dinamismo que ha adoptado la industria alimentaria, la empresa Agrosuper decidió en 2022 dar un paso clave para su futuro y convertir la Transformación Digital en uno de sus pilares estratégicos, decisión que les ha permitido optimizar significativamente sus procesos de distribución y venta, generando un ahorro en tiempo de hasta un 90%. Javier Ayala, líder del área de Transformación Digital dentro de la gerencia comercial de la compañía, explicó que ""el dinamismo de la industria alimentaria y nuestro afán de hacer las cosas siempre mejor nos llevó a formalizar esta división luego de tres años realizando diversos proyectos"". En ese contexto, precisó que la automatización de tareas administrativas, la optimización de ventas y las operaciones logísticas se han transformado en herramientas esenciales para facilitar la toma de decisiones. En el caso de la gerencia comercial de Agrosuper, estas mejoras han generado impactos concretos en resultados y eficiencia. ""Desde que se creó esta área en 2022, el impacto en ahorro de los distintos proyectos ejecutados ha sido cada vez más relevante, permitiéndonos ser más eficientes en costos, productividad y capital de trabajo"", agregó el ejecutivo. {SUB El impacto de la tecnología} Entre las iniciativas más relevantes se encuentra ""Auto-Allocation"", un sistema basado en inteligencia artificial que optimiza la distribución y venta de productos. Esta herramienta ha permitido reducir en un 90% el tiempo dedicado a la asignación de stock para oficinas internacionales. {CITA Javier Ayala - Líder del área de Transformación Digital dentro de la gerencia comercial de Agrosuper: ""No solo estamos innovando en productos, que es lo que la mayoría de las personas ven, sino también, en nuestros procesos y sistemas internos para ser cada día mejores""} ""Antes nos demorábamos muchas horas en procesar órdenes de compra para asignar productos para nuestros clientes internacionales. Hoy, a través de esta solución, y de otras herramientas de Transformación Digital, hemos perfeccionado nuestros procesos, desde la comunicación con nuestros clientes hasta la venta y la logística"", complementa Ayala. Otra iniciativa destacada en Agrosuper corresponde a la centralización y asignación de productos en sucursales dentro de Chile. Mediante parámetros definidos por la empresa, la inteligencia artificial determina qué productos enviar a cada punto de venta considerando su demanda, el stock disponible y otras variables de negocio. Esta solución ha generado, hasta ahora, una captura de 3,6 millones de dólares en eficiencias relacionadas con gastos y capital de trabajo, demostrando cómo la Transformación Digital está contribuyendo a hacer más eficiente la operación en diversas áreas de Agrosuper. ""Estos son ejemplos concretos de cómo estamos haciendo más eficiente nuestra operación, lo que se traduce en mejores resultados para el negocio (...) No solo estamos innovando en productos, que es lo que la mayoría de las personas ven, sino también, en nuestros procesos y sistemas internos para ser cada día mejores"", sentenció Javier Ayala. Actualmente, el área de Transformación Digital entrega soporte a todas las unidades dependientes de la gerencia comercial de Agrosuper. Su foco es seguir brindando oportunidades de mejora a cada una de estas áreas mediante soluciones tecnológicas que, en muchos casos, considera inteligencia artificial.",2025-11-24,"emol","http://www.emol.com/noticias/Tendencias/2025/11/24/1184070/agrosuper-transformacion-digital.html"
"11","Hoy comienza en Valdivia 9punto5  y su foco es la Inteligencia Artificial","La Conferencia 9punto5 partió ayer en Paillaco. El auditorio Santiago Santana fue el escenario para hablar sobre Inteligencia Artificial (IA) y emprendimiento: herramientas concretas para usar e historias reales de quienes emprenden desde el territorio. Y hoy día -y hasta el sábado- continúa en Valdivia, ciudad que desde 2016 es sede de este evento que aborda la tecnología y el futuro del trabajo. Este año, la temática central de la Conferencia es IA. Esta materia será analizada desde distintas perspectivas en charlas, paneles, talleres, mesas redondas y otras actividades que han incluido este año como navegación por los ríos de Valdivia, running y trekking. Se espera la asistencia en total de unas 300 personas a las actividades. Fabián Acuña, fundador de la Conferencia 9punto5, destacó el posicionamiento del evento en la región y que asistentes se planifican para ser parte de cada versión. “Creo que, de alguna manera, está consolidado. El evento ha evolucionado mucho: en 2016 hablamos de trabajo remoto y estuvimos hartos años hablando de esto hasta la pandemia, cuando el trabajo remoto se hizo una realidad”, relevó. Posterior a la pandemia, la temática del evento se centró en el bienestar. “Y este año, no podíamos eludir el tema principal que está cambiando el mundo de los negocios y las profesiones, que es la Inteligencia Artificial”, explicó. Así, detalló que en esta versión revisarán cómo usar la IA en las profesiones, negocios y servicios, “nuestra lectura es que como todo el mundo está hablando de Inteligencia Artificial hay mucho ruido, miedo y desinformación, y con toda nuestra experiencia elegimos a buenos expositores para poder explicar el tema en simple y con gente que realmente sabe”. Acuña también enfatizó en el aporte que este evento significa para la región en términos del turismo y de “descentralizar las oportunidades, descentralizar el conocimiento” -dijo- destacando que desde el año pasado han extendido las actividades a otras comunas de Los Ríos. Las inscripciones al evento consideran un costo que está publicado en la página web 9punto5.cl, al igual que el programa de actividades.",2025-11-06,"mediosregionales","https://www.soychile.cl/Valdivia/Sociedad/2025/11/06/927824/hoy-comienza-en-valdivia-9punto5.html"
"12","Expertos analizan cómo la tecnología potenciará a la Red Agroclimática Nacional","¿Puede la Inteligencia Artificial ser un beneficio para la Red Agroclimática Nacional RAN-Agromet y para la agricultura chilena?. Bajo esta pregunta se desarrolló el conversatorio realizado en la Expo Chile Agrícola 2025, evento virtual organizado por el Ministerio de Agricultura y Fucoa que reunió más de 100 actividades y a 75 instituciones nacionales e internacionales. El panel contó con representantes del SAG, la Universidad San Sebastián, Subsole, Inia, la Universidad de O’Higgins y la propia RAN-Agromet. La actividad fue moderada por Liliana Villanueva Nilo, profesional de la Unidad de Gestión de Riesgo de Desastres Agrícolas (UGRA) del Ministerio de Agricultura, y por Leonel Fernández Ávila, administrador de la red y de Agroclima de la Fundación para el Desarrollo Frutícola. Villanueva destacó la necesidad de avanzar en nuevas herramientas para el agro, considerando el rápido desarrollo tecnológico. “Esto exigirá contar con más capacidades profesionales a todo nivel: desde especialistas en Tecnologías de la Información, hasta agricultores y técnicos capaces de interpretar datos para decisiones de campo y prevención frente a eventos adversos”, afirmó. Agregó que este desafío es mayor en territorios con “capacidades limitadas de respuesta, especialmente en la Agricultura Familiar Campesina”. La Expo Chile Agrícola priorizó este año la inteligencia artificial, relevando su aporte en el fortalecimiento del Sistema de Alerta Temprana (SAT) de la RAN-AGROMET, especialmente para heladas y golpes de calor. Estas herramientas permiten responder a fenómenos cada vez más frecuentes como la alternancia entre lluvias y altas temperaturas, que afectan la producción frutícola y hortícola durante el verano. Para Rodrigo Verschae Tannenbaum, investigador de la Universidad de O’Higgins, el encuentro permitió visibilizar avances y colaboraciones. “Desde el Instituto de Ciencias de la Ingeniería de la UOH estamos desarrollando tecnologías de IA para apoyar la industria de la cereza, integrando información agroclimática intra predial y datos fenológicos para mejorar la toma de decisiones”, señaló. En tanto, Paula Santibáñez Varnero, directora del Observatorio Climático de la USS, resaltó el potencial de esta tecnología. Aseguró que “la IA ya está aportando a la agricultura chilena”, especialmente cuando se combina con modelos mecanísticos que representan procesos físicos y biológicos. Esta integración, explicó, permite “mejorar pronósticos de rendimiento y riesgo agroclimático, habilitar alertas tempranas más confiables y apoyar decisiones en riego, cosecha y calidad”. Subrayó además que “la IA no reemplaza la experiencia del productor: su potencial está en la colaboración”. El conversatorio coincidió en que la inteligencia artificial se transformará en un componente permanente del trabajo agroclimático, impulsando mayores exigencias en calidad de datos, capacidades profesionales y coordinación institucional. Al cierre, Leonel Fernández Ávila destacó la necesidad de mantener una mirada conjunta: “debemos sumar esfuerzos y seguir mejorando esta red para entregar servicios que respondan a las necesidades locales de información agrometeorológica”, afirmó, subrayando la velocidad con la que avanza la tecnología y los desafíos que esto plantea para la agricultura nacional.",2025-11-24,"mediosregionales","https://www.soychile.cl/Santiago/Sostenibilidad/2025/11/24/930228/ia-tecnologia-agroclimatica.html"
"13","Conoce a los ganadores del Santander X Award Chile 2025: representarán al país en certamen global","En su séptima versión, el concurso de emprendimiento Santander X Award Chile 2025 reconoció a los proyectos de innovación más destacados del país. Las iniciativas finalistas abarcaron soluciones de tecnología financiera, salud, sostenibilidad, inteligencia artificial y economía circular, reflejando el potencial del talento joven chileno para resolver desafíos globales mediante ciencia, innovación y colaboración. Rodrigo Machuca, gerente de Santander Universidades e Instituciones, destacó que “creemos firmemente que la innovación no solo nace en la empresa, sino también en las universidades y en el ecosistema emprendedor, donde las ideas se convierten en soluciones reales que aportan al desarrollo del país”. Los ganadores de edición fueron Hera Materials, vinculada a la Universidad Técnica Federico Santa María, en la categoría Startup, por desarrollar biomateriales inteligentes y compostables impulsados por inteligencia artificial que reemplazan los plásticos tradicionales; y YUZZ, relacionada con la Universidad Adolfo Ibáñez, en la categoría University, gracias a una solución que reutiliza baterías eléctricas fuera de uso para crear sistemas sostenibles de almacenamiento de energía limpia (BESS). Ambos equipos representarán a Chile en la versión global del concurso, junto a los segundos y terceros lugares de cada categoría. Impulsado por Banco Santander, este certamen, al que postularon más de 200 proyectos, busca promover la innovación y el emprendimiento sostenible y, por eso, acompañan a startups y empresas emergentes en todas sus etapas con formación, mentorías y apoyo para escalar. Además, el concurso repartió $42 millones en premios entre los finalistas. Machuca explicó que “a lo largo de los años, Santander X Award se ha consolidado como una plataforma que impulsa a los nuevos talentos en áreas tan diversas. Y ver el compromiso, el liderazgo y la energía de los jóvenes emprendedores nos llena de orgullo y esperanza”, añadió Durante la ceremonia final, los equipos presentaron sus proyectos ante un jurado compuesto por referentes del ecosistema emprendedor nacional y representantes de Santander, quienes deliberaron para definir a los ganadores. En la categoría Startup, el segundo lugar fue para Sheriff, vinculada a la Universidad Adolfo Ibáñez, una plataforma antifraude que centraliza procesos KYC y KYB; mientras que el tercer lugar recayó en Speaknosis, asociada a la Universidad de Chile, que automatiza registros clínicos con inteligencia artificial. Floid y BallotBox, ambas relacionadas con la Pontificia Universidad Católica de Chile, completaron la categoría. Por su lado, en University, el segundo lugar fue para The Yak Lab, vinculada a la Pontificia Universidad Católica de Chile, con un limpiador vegetal sin agua; y el tercero para BoneGel, relacionada con la Universidad de Concepción, que desarrolla un hidrogel regenerativo para reconstrucción ósea. NanoCure, vinculada a la Universidad de La Frontera, y FLUplus, asociada a la Pontificia Universidad Católica de Valparaíso, completaron el top cinco. Con esta edición, Santander X tuvo el fin de impulsar la innovación tecnológica y el emprendimiento con impacto, fortaleciendo la colaboración entre universidades, empresas y startups para el desarrollo sostenible de Chile y Latinoamérica.",2025-11-12,"bbcl","https://www.biobiochile.cl/noticias/economia/tu-bolsillo/2025/11/12/representaran-a-chile-en-certamen-global-conoce-a-los-ganadores-del-santander-x-award-chile-2025.shtml"
"14","Corte Suprema aprueba su primer Código de Ética tras la mayor crisis del Poder Judicial por caso Audio","La Corte Suprema aprobó su primer Código de Ética, con el objetivo de fortalecer la confianza ciudadana y modernizar la función de los jueces. El documento —el primero de su tipo en Chile— define principios de conducta, promueve el uso responsable de redes sociales y regula el uso de inteligencia artificial en el Poder Judicial. El objetivo apunta a recuperar la confianza ciudadana tras las investigaciones por presuntas coimas en instituciones públicas y tráfico de influencias que involucraron a jueces y ministros del máximo tribunal. En particular por el caso Audio, que desató una de las peores crisis institucionales del sistema de justicia. Corte Suprema aprueba su primer Código de Ética El Pleno de la Corte Suprema aprobó el primer Código de Ética Judicial del país, una guía orientada a fortalecer la confianza ciudadana en la justicia y promover la conducta íntegra de jueces y juezas. El texto fue elaborado tras un proceso participativo iniciado en abril de 2024 y liderado por la ministra Adelita Ravanales, que incluyó consultas a expertos nacionales e internacionales, asociaciones gremiales del Poder Judicial y encuestas tanto a funcionarios como a la ciudadanía. Un código orientador, no sancionador Según explicó la ministra vocera de la Corte Suprema, Soledad Melo, el nuevo Código “constituye una guía para un mejor ejercicio de la administración de justicia, en beneficio de la sociedad”. La ministra enfatizó que su elaboración “se hizo conscientes de la responsabilidad que pesa sobre jueces y juezas y de las expectativas ciudadanas respecto del comportamiento ético de la magistratura”. Eso sí, el Código de Ética no tendrá carácter sancionador: su objetivo es orientar las conductas y promover valores éticos, sin formar parte del régimen disciplinario. El texto define como pilares fundamentales la independencia, imparcialidad e integridad, junto a otros valores como la probidad, igualdad, prudencia, cordialidad y conciencia institucional. De manera inédita, incluye capítulos sobre el uso responsable de redes sociales y la aplicación ética de inteligencia artificial y nuevas tecnologías, con el fin de enfrentar los desafíos contemporáneos del Poder Judicial. Creación de un Consejo Ético El nuevo cuerpo normativo establece además la creación de un Consejo Ético, de carácter consultivo y orientador, que tendrá como misión emitir recomendaciones generales para apoyar el discernimiento ético de los jueces. El organismo no recibirá denuncias ni sancionará conductas pasadas. Estará integrado por cinco miembros: un ministro de la Corte Suprema, un ministro de Corte de Apelaciones, dos jueces de primera instancia y un académico o académica en ética aplicada. Su composición deberá respetar la paridad de género y la representación territorial, según informó el Poder Judicial. El Código de Ética Judicial se aplicará a todos los integrantes del escalafón primario y a quienes ejerzan funciones jurisdiccionales, incluidos los abogados integrantes. Las dos primeras partes del texto —sobre reglas generales y valores— entraron en vigor el 10 de noviembre, mientras que la implementación del Consejo Ético será paulatina y concluirá el 30 de junio de 2026.",2025-11-12,"bbcl","https://www.biobiochile.cl/noticias/nacional/chile/2025/11/12/corte-suprema-aprueba-su-primer-codigo-de-etica-tras-la-mayor-crisis-del-poder-judicial-por-caso-audio.shtml"
"15","Corfo aporta &#36;11 mil millones a cuatro proyectos de privados para que impulsen inteligencia artificial","La Corporación de Fomento (Corfo) comunicó que con un aporte de $11 mil millones, apalancó más de $20 mil millones de inversión público-privada en proyectos que impulsan el uso de la Inteligencia Artificial (IA) en la industria chilena. Mediante un comunicado, dijo que fueron cuatro las iniciativas seleccionadas -en los sectores de Salud y Alimentación- en la convocatoria “Uso y adopción de Inteligencia Artificial en la industria chilena” del Programa de Desarrollo Productivo Sostenible (DPS). Los cuatro proyectos seleccionados fueron: 1. PRECISION-AI: Technological Program for AI-Driven Precision Oncology. -Entidad postulante: Universidad del Desarrollo. -Subsidio Corfo: $2.900 millones. -Costo Total Programa: $5.001 millones. Objetivo: Fortalecer las capacidades en oncología de precisión con IA para enfrentar el desafío nacional del diagnóstico temprano de cáncer. 2. CERO.ai: Coordinación Asistencial Basada en Inteligencia Artificial. -Entidad postulante: BOTLAB SpA. -Subsidio Corfo: $2.785 millones. -Costo Total Programa: $4.921 millones. Objetivo: Optimizar la coordinación asistencial en hospitales, clínicas y atención primaria, reduciendo tiempos de espera y mejorando la eficiencia operativa. 3. PRISMA IA 2.0: Datos para una mejor salud. -Entidad postulante: UC Christus Servicios Clínicos SPA. -Subsidio Corfo: $2.992 millones. -Costo Total Programa: $5.042 millones. Objetivo: Escalar soluciones basadas en IA para la gestión clínica y el monitoreo de pacientes crónicos, promoviendo equidad y calidad asistencial. 4. NOVA-IA – Nuevas Oportunidades de Valorización Alimentaria con IA. -Subsidio Corfo: $3.000 millones. -Costo Total Programa: $5.711 millones. Objetivo: Impulsar la transformación productiva y la competitividad de la industria alimentaria, incrementando su tasa de innovación tecnológica mediante el desarrollo, validación y transferencia de un portafolio articulado de soluciones basadas en IA que permitan cerrar brechas críticas de eficiencia, sostenibilidad y sofisticación, habilitando la generación de mayor valor agregado en el sector. *Fuente: Corfo. Corfo mencionó que según el estudio de McKinsey & Company “The economic potential of generative AI: The next productivity frontier” de 2023, se estima que la automatización y la IA generativa podrían aportar a nivel global un aumento de productividad de 0,5% a 3,4% anuales entre 2023 y 2040, dependiendo de la tasa de adopción. Otro análisis del Research Institute of Economy, Trade and Industry (RIETI), estimó que en mercados emergentes los efectos productivos de la IA podrían generar un aumento del PIB de entre 3,0% y 3,5% en un horizonte de 10 años en un escenario favorable. Si bien Chile se ubica en el primer lugar del Índice Latinoamericano de IA, la adopción de estas tecnologías en la industria aún es incipiente, ya que apenas un 5% de las empresas la ha integrado plenamente, mientras que un 27% la usa de manera experimental.",2025-11-12,"bbcl","https://www.biobiochile.cl/noticias/economia/negocios-y-empresas/2025/11/12/corfo-aporta-11-mil-millones-a-cuatro-proyectos-de-privados-para-que-impulsen-inteligencia-artificial.shtml"
"16","Codelco firma acuerdo con empresa india para explorar proyectos de cobre y con japonesa líder en IA","Codelco comunicó la firma de dos memorándum de entendimiento (MoU, por sus siglas en inglés), con empresas de India y Japón para explorar nuevos proyectos de cobre y acelerar su transformación digital, respectivamente. La cuprífera y Grupo Adani de India firmaron un acuerdo para avanzar en la exploración de proyectos de cobre en Chile. Contempla el análisis de tres proyectos de cobre y establece el marco para avanzar en un posible desarrollo conjunto. “El acuerdo busca fortalecer la cooperación entre India y Chile en minerales críticos, y ser una alternativa para garantizar la seguridad a largo plazo de la demanda de cobre para el país asiático”, dijo Codelco. El otro acuerdo fue con la japonesa NTT DATA para acelerar la “transformación digital y sustentable de la minería del futuro”. La alianza permitirá explorar e implementar tecnologías de vanguardia —vale decir, innovaciones avanzadas que transforman la industria y abordan desafíos globales, como inteligencia artificial y redes de conectividad avanzada, entre otras— con foco “en la seguridad, sostenibilidad, productividad y desarrollo de nuevas capacidades”. Alianza entre Codelco y Grupo Adani de India Codelco y Kutch Copper Ltd (KCL), filial de Adani Enterprises Limited —parte del Grupo Adani de India— firmaron la mencionada alianza para la exploración de tres proyectos de cobre cercanos a reconocidos distritos mineros como Sierra Gorda y Diego de Almagro, en las regiones de Antofagasta y Atacama. El acuerdo no vinculante contempla el intercambio de información técnica y legal sobre estos proyectos; establece condiciones para que KCL realice un due diligence a estas iniciativas, y aspectos comerciales necesarios para potenciales desarrollos conjuntos, “con el objetivo común de generar valor para ambas organizaciones y contribuir a la cadena de suministro global de cobre”. Las expectativas mundiales apuntan a que la demanda de cobre crezca 50% a 2040 debido a la electrificación y la expansión de las energías renovables, por lo que esta potencial asociación “contribuirá a satisfacer las cadenas de suministro de minerales críticos, al tiempo que promueve un crecimiento económico sostenible para ambos países”, apuntó Codelco. El MoU entre Codelco y la filial de Adani da continuidad al anuncio previo de este año en que ambos acordaron el suministro de concentrados de cobre para la fundición de última generación que el grupo está construyendo en Mundra, al oeste del país asiático, que tendrá una capacidad prevista de un millón de toneladas anuales. Transformación digital En paralelo, Codelco y la japonesa NTT DATA firmaron un MoU que marca el inicio de una alianza estratégica destinada a impulsar la minería del futuro. NTT Data, destacó la estatal, es una empresa líder en servicios empresariales y tecnológicos con ingresos superiores a los US$30.000 millones, que presta servicios a 75% de las compañías del Fortune Global 100. “Es una de las principales empresas mundiales de inteligencia artificial e infraestructura digital, con capacidades incomparables en IA a escala empresarial, nube, seguridad, conectividad, centros de datos y servicios de aplicaciones”, indicó la minera. El acuerdo busca integrar tecnologías emergentes y soluciones avanzadas que fortalezcan la automatización, la seguridad y la sostenibilidad de las operaciones de la principal productora de cobre del mundo. El MoU abarca una amplia gama de áreas de colaboración, como “conectividad avanzada e infraestructura digital (5G/6G, redes fotónicas y satelitales), inteligencia artificial generativa, robótica, computación cuántica, operaciones autónomas y tecnologías limpias, entre otras”. Las eventuales iniciativas conjuntas se implementarán progresivamente a través de un modelo de cooperación que promueve la transferencia de conocimiento, la innovación abierta y la creación de valor compartido entre ambas organizaciones, “combinando la experiencia y capacidades globales de NTT DATA para transformar procesos industriales con la expertise minera de Codelco”. Por último, la cuprífera indicó que el acuerdo contempla una estructura de gobernanza que incluye comités estratégicos y equipos de coordinación técnica, encargados de evaluar desafíos y oportunidades, además de priorizar y supervisar la ejecución de programas y proyectos.",2025-11-21,"bbcl","https://www.biobiochile.cl/noticias/economia/negocios-y-empresas/2025/11/21/codelco-firma-acuerdo-con-empresa-india-para-explorar-proyectos-de-cobre-y-con-japonesa-lider-en-ia.shtml"
"17","La inteligencia artificial híbrida y abierta marcó el eje del Red Hat Summit: Connect 2025 en Santiago","El Red Hat Summit: Connect 2025 Santiago, considerado el evento más importante del país en materia de open source, reunió a la comunidad tecnológica nacional para debatir sobre los desafíos y oportunidades que plantea la inteligencia artificial híbrida y abierta. El evento permitió que líderes empresariales, expertos en innovación y profesionales del sector TI compartieran experiencias sobre cómo la IA se ha convertido en un componente esencial de la transformación digital y en un aliado estratégico para la modernización tecnológica de las organizaciones. {IMAGEN https://static.emol.cl/emol50/Fotos/2025/11/05/file_20251105155303.jpg} La cita se desarrolló en el Hotel W de Santiago y congregó a más de 400 asistentes, reflejando el creciente interés por las soluciones abiertas y colaborativas en la región. Ezequiel Picardo, country manager de Red Hat Chile y Perú, destacó la relevancia del encuentro y el papel de la empresa en el desarrollo de soluciones abiertas. ""Red Hat apuesta, y vemos una oportunidad de mercado, en la inteligencia artificial aplicada a las empresas, a los procesos productivos, a los agentes de atención al cliente, apoyando la productividad"", dijo el ejecutivo, quien añadió que la misión de la compañía ""es ser el catalizador de comunidades, empresas y organizaciones para desarrollar la mejor tecnología en el modelo open source"". Para ello, según el ejecutivo, Red Hat trabaja en tres ejes distintos: apoyar a los clientes en la modernización de la TI, ayudarlos a mejorar su eficiencia y contribuir para que puedan adoptar la IA de manera adecuada a cada necesidad de negocio. {IMAGEN https://static.emol.cl/emol50/Fotos/2025/11/05/file_20251105121052.jpg} Durante la jornada se abordaron los retos que enfrentan las empresas en su transición hacia entornos más ágiles, seguros y escalables, subrayando las ventajas de los sistemas abiertos frente a los productos cerrados o propietarios. Bajo la consigna ""Unlock what’s next"", los expertos de Red Hat explicaron que la IA abierta permite combinar modelos abiertos y cerrados en una misma plataforma, entregando a los clientes libertad de elección tecnológica y control sobre dónde almacenar sus datos. Por su parte, Victoria Martínez, gerente de plataformas de IA para Latinoamérica en Red Hat, resaltó la necesidad de flexibilidad tecnológica en un contexto de constante cambio. ""Necesitamos una plataforma que combine cualquier tipo de tecnología y que permita disminuir los gastos operacionales"", dijo la ejecutiva, quien añadió que hacerlo permite ""ahorros de costos de hasta un 75%"", lo que refleja el potencial de una inteligencia artificial libre y abierta. Otro de los focos de la cita fue cómo la IA está ayudando a las empresas a tomar decisiones más precisas, con ejemplos concretos en salud, finanzas y servicios, donde la combinación de código abierto e inteligencia artificial ya está generando impactos positivos en eficiencia y productividad. En esta edición también se presentó la nueva plataforma Red Hat AI 3, que integra herramientas como RHEL AI, AI Inference Server y OpenShift AI, ofreciendo a las organizaciones una base coherente y flexible para crear, implementar y gestionar cargas de trabajo de IA en entornos híbridos. {IMAGEN https://static.emol.cl/emol50/Fotos/2025/11/05/file_20251105155822.jpg} En tanto, Víctor Cornejo, arquitecto en jefe para Latinoamérica en Red Hat, abordó la importancia de que las organizaciones asuman el control de sus propios modelos de IA. ""Cuando las empresas quieren transformar la inteligencia artificial en un activo estratégico, deben tomar control del entrenamiento de los modelos, los datos y la seguridad en torno a ellos"", afirmó. En esa línea, destacó que ""una plataforma abierta que nos permita la libertad para innovar es clave hoy en día"". La jornada incluyó también casos de uso con propósito social y ambiental, como Vital Oceans, una iniciativa impulsada por Red Hat junto a Alquimia AI y C Minds, con apoyo del Banco Interamericano de Desarrollo (BID). El proyecto utiliza IA para acelerar la creación de Áreas Marinas Protegidas, integrando ciencia marina, economía azul y saberes locales, en un ejemplo concreto del impacto ético y sostenible de la tecnología abierta. {SUB Red Hat Summit: Connect 2025 Santiago} {EMOLTV https://tv.emol.com/detail/20251105012334532/red-hat-summit-connect-2025-en-santiago--inteligencia-artificial-hibrida-y-abierta-marcaron-el-encuentro}",2025-11-05,"emol","http://www.emol.com/noticias/Tendencias/2025/11/05/1182380/red-hat-summit-connect.html"
"18","Ocho propuestas para liderar la Economía Digital: el gran salto de Chile al crecimiento","En pleno ciclo presidencial, escuchamos una y otra vez que el debate se concentra en crecimiento económico y seguridad, cruciales para la vida diaria, pero sin duda insuficientes para una mejora plena en la calidad de vida de las personas. Por lo mismo hay una omisión que debe preocuparnos: la economía digital, el motor que puede garantizar crecimiento sostenido, empleos de calidad y mayor productividad para Chile. Hoy, el país cuenta con infraestructura digital de primer nivel, un ecosistema de data centers en expansión, liderazgo regional en inteligencia artificial y un sector tecnológico que crece tres veces más rápido que la economía tradicional. Sin embargo, seguimos con brechas críticas: más de 2 millones de personas carecen de habilidades digitales básicas, solo un 13% de las empresas utiliza inteligencia artificial y el 70% de las MiPymes mantiene bajos niveles de digitalización. Si queremos hablar de futuro, debemos hablar de innovación y tecnología como la palanca del desarrollo. Desde ACTI hemos puesto sobre la mesa una agenda de 8 ejes estratégicos para que Chile dé el salto que necesita. Primero, requerimos un marco normativo que supere la actual sobrerregulación y dé certezas para la inversión y la innovación. Al mismo tiempo, es imprescindible avanzar en habilidades digitales que preparen a la ciudadanía, junto con las y los trabajadores para los desafíos de la nueva economía, incorporando la inclusión y la perspectiva de género como principios rectores. No se trata solo de formar programadores, sino de generar un ecosistema de talento que pueda competir a nivel global y asegurar que nadie quede atrás. La economía digital también debe ponerse al servicio de las personas. Eso implica usar la tecnología para fortalecer la seguridad ciudadana, mejorar la calidad de vida y reducir desigualdades. Significa, además, desplegar soluciones digitales en los sectores productivos tradicionales —minería, agroindustria, energía o transporte— para incrementar productividad, generar empleos de calidad y avanzar hacia un modelo de sostenibilidad. Y requiere mirar más allá de Santiago: la descentralización y el desarrollo territorial son vitales para que la innovación llegue a todas las regiones, fortaleciendo ecosistemas locales y creando oportunidades donde hoy predominan las brechas. Junto con lo anterior, no es posible hablar de desarrollo digital si no apuntamos a una política pública que permita fortalecer la ciberseguridad y la ciberdefensa como pilares de confianza. Debemos aprovechar todo el potencial de la inteligencia artificial para impulsar productividad, innovación y nuevos servicios en beneficio de la ciudadanía. Finalmente, es urgente transformar al propio Estado, garantizando identidad digital, interoperabilidad y plataformas públicas modernas que hagan más sencilla, segura y democrática la relación entre las personas y sus instituciones. Estas propuestas no son eslóganes de campaña, son un horizonte claro y que requiere decisión política para que se concrete. Chile tiene la oportunidad de liderar en América Latina la economía digital, pero para lograrlo necesitamos que la innovación y la tecnología se instalen en el centro de las políticas públicas. Por eso, hacemos una invitación directa a las y los candidatos presidenciales: sumarse a este diálogo, escuchar al ecosistema digital y comprometerse con una visión de país que no vea la tecnología como un accesorio, sino como la base del crecimiento, la equidad y la seguridad del siglo XXI. Sabemos que el futuro no espera. Si Chile apuesta de verdad por la economía digital, será un país más productivo, sostenible, equitativo y con empleos de calidad. Esa es la convicción y la tarea que ponemos sobre la mesa.",2025-11-12,"bbcl","https://www.biobiochile.cl/noticias/opinion/columnas-bbcl/2025/11/12/ocho-propuestas-para-liderar-la-economia-digital-el-gran-salto-de-chile-al-crecimiento.shtml"
"19","Admisión 2026: Más de 3.300 vacantes exclusivas para mujeres en carreras científicas","La brecha de género en las carreras científicas sigue siendo uno de los principales desafíos del sistema de educación superior. Aunque, según el Informe de Brechas de Género en la Educación Superior 2024, elaborado por la Subsecretaría de Educación Superior, las mujeres representan el 52,6% de la matrícula de primer año en 2024, su participación en carreras STEM (Ciencia, tecnología, ingeniería y matemáticas) sigue siendo minoritaria, alcanzando apenas un 20,8%. Para enfrentar este escenario, el proceso de Admisión 2026 contempla más de 3.300 cupos adicionales exclusivos para mujeres en este tipo de programas, conocidos como Más Mujeres Científicas (+MC). Estos cupos, implementados desde el año académico 2024 por el Comité Técnico de Acceso, buscan abrir nuevas oportunidades en carreras donde históricamente los hombres han sido mayoría. No requieren postulación adicional: se asignan por puntaje ponderado durante el proceso regular de admisión, permitiendo un acceso complementario y directo a estas áreas. El subsecretario de Ciencia, Tecnología, Conocimiento e Innovación, Cristian Cuevas, destaca que esta política forma parte del esfuerzo articulado del Estado para enfrentar una exclusión profunda y persistente. “En el ámbito STEM, la diversidad de mujeres, niñas y adolescentes está subrepresentada y por eso es imperativo visibilizar y potenciar su participación. Se trata de abrir una ventana de opciones que ha estado bloqueada e impedir que mujeres y otros grupos históricamente excluidos puedan elegir el camino de las ciencias como una forma de vida o profesión”, afirma. Acceso y permanencia Las cifras justifican la urgencia. Según la Radiografía de Género 2025, las mujeres representan solo el 21,38% de la matrícula total en programas STEM en universidades, CFT e IP. La brecha se vuelve aún más evidente en áreas como Tecnología de la Información y Comunicación, donde apenas el 13,5% de los estudiantes son mujeres. En el extremo opuesto, disciplinas como Ciencias Naturales y Matemáticas alcanzan un 44% de matrícula femenina, mostrando que las brechas no son homogéneas y responden a factores culturales y estructurales que limitan la participación desde edades tempranas. Para Cuevas, estas iniciativas ya muestran señales de avance. “Entre los datos de la Tercera y Cuarta Radiografía de Género, la matrícula de pregrado en STEM creció un 8,7%. También observamos un incremento en la titulación: a nivel de pregrado pasamos de un 18% a un 27,3%”, detalla. Aunque todavía modestos, estos cambios reflejan el impacto de políticas sostenidas y la relevancia de monitorear el sistema para tomar decisiones informadas. El subsecretario subraya que el desafío no se limita al acceso, sino también a la permanencia y el desarrollo de trayectorias académicas y laborales. “Con la Política Nacional de Igualdad de Género del MinCiencia trabajamos tanto por aumentar la participación de más mujeres en las STEM como por su permanencia y desarrollo pleno de sus carreras. Más Mujeres Científicas es una de estas acciones y demuestra el esfuerzo articulado entre instituciones del Estado”, señala. Tema de futuro La incorporación de más mujeres no solo es un asunto de equidad, sino también de calidad y futuro. “La participación de más mujeres otorga mayor diversidad al mundo STEM, genera mejores oportunidades laborales, mayor autonomía económica y lo más importante: las hace parte de la producción y el desarrollo científico del país”, sostiene Cuevas. Complementa María Fernanda Caicedo, presidenta de la Mesa de Equidad de Género de ACTI, al señalar que “la tecnología es el motor del desarrollo económico, pero sin mujeres en la ecuación, estamos desaprovechando la mitad del talento disponible. No se trata solo de equidad, sino de competitividad y crecimiento para el país”. El subsecretario pone especial énfasis en áreas emergentes como inteligencia artificial, donde la presencia femenina es crítica para evitar sesgos y asegurar desarrollos inclusivos. “Hoy necesitamos avanzar en IA, machine learning o redes neuronales. Solo un 22% de quienes trabajan en IA a nivel global son mujeres, y sabemos que estos campos poseen sesgos de género que debemos corregir”, advierte. En este sentido, Caicedo añade que “nuestras políticas públicas deben ser aceleradoras de procesos de transformación, no solo digital, sino también como sociedad, donde el liderazgo femenino, acompañado del valor masculino, ha logrado una gran labor”. Con más de 3.300 cupos exclusivos, un enfoque integral de igualdad de género y un diagnóstico claro de las barreras existentes, el proceso de admisión 2026 busca marcar un nuevo punto de inflexión. La meta: que más mujeres ingresen, permanezcan y lideren en los espacios donde se construye el conocimiento y el desarrollo tecnológico del país.",2025-11-20,"bbcl","https://www.biobiochile.cl/especial/admision-2026/noticias/2025/11/20/admision-2026-mas-de-3-300-vacantes-exclusivas-para-mujeres-en-carreras-cientificas.shtml"
"20","Fuera de juego semiautomático llega a Sudamérica: Brasil será primer país en implementarlo","La Confederación Brasileña de Fútbol (CBF) anunció que adoptará a partir del 2026 el sistema de fuera de juego semiautomático, que utiliza cámaras y sensores para ayudar a los árbitros a identificar cuando un jugador está en posición adelantada. La tecnología será adoptada inicialmente en el Brasileirao masculino, cuya primera jornada está prevista para el 28 de enero próximo, anunció el presidente de la CBF, Samir Xaud. “El sistema de VAR que utilizamos hasta hoy es uno de los más modernos del mundo, pero queremos más. A partir de la primera jornada del Campeonato Brasileño de 2026 contaremos con la tecnología de fuera de juego semiautomática”, afirmó el dirigente. De acuerdo con un comunicado de la CBF, la nueva inversión en tecnología busca ofrecer decisiones arbitrales más precisas, ágiles y transparentes. El sistema, vale señalar, funciona con un conjunto de cámaras que rastrean tanto el balón como diferentes puntos de los futbolistas. La tecnología dispone de un software con inteligencia artificial que permite calcular la posición exacta de un jugador en tiempo real y que, cuando detecta una posición ilegal, genera una alerta para el equipo de árbitros que opera el VAR. El sistema de fuera de juego semiautomático también genera una animación en tres dimensiones con las imágenes captadas por las cámaras para que los árbitros del VAR puedan verificar la posición ilegal y avisar al referí central en caso de que lo consideren procedente. Este tipo de sistema comenzó a ser probado por la FIFA en 2021 y fue utilizado en el Mundial de Qatar 2022 y en la Supercopa de Europa del mismo año. Algunas ligas ya lo utilizan para todos sus partidos, como la inglesa, mientras que otras lo adoptan en finales y compromisos decisivos.",2025-11-11,"bbcl","https://www.biobiochile.cl/noticias/deportes/futbol-internacional/notas-futbol-internacional/2025/11/11/brasil-un-paso-mas-adelante-implementara-fuera-de-juego-semi-automatico.shtml"
